product_id,product_category_name,product_name_lenght,product_description_lenght,product_photos_qty,product_weight_g,product_length_cm,product_height_cm,product_width_cm
b4e8eb0b1c294654b826bc7e6af406d7,pet_shop,44,378,5,3744,18,39,21
e79c3bdcc3f64d679317c51747ba2b79,beleza_saude,48,567,5,3663,43,39,29
cf479ddabe694a019bfe1a1aea5b535a,fashion_roupa_masculina,40,652,2,833,38,24,33
3d7ce89d2525419ebe0c8d73379565b9,joias_relogios,26,259,3,186,10,38,18
f76ccd7893f24f69bcfa78bcaeeb6229,fashion_roupa_masculina,28,580,5,168,54,36,40
e7e29888993a42b38aa251d56b6f18e7,fashion_roupa_feminina,10,884,4,2499,48,19,10
c39be9df871a44a4bd6776681b42095a,brinquedos,33,293,4,4692,37,30,25
86a29dfd192d439eba4561c55eeeb3c0,telefonia,55,854,4,3199,24,21,15
cbf71cbe465743b5a373a786b910568a,joias_relogios,50,345,5,2327,28,39,27
361f9b11178f48f0849afc87a5d279c4,joias_relogios,22,973,1,1594,18,23,17
b3b0b4a1138046e99892621b3021ab28,moveis_decoracao,39,732,4,2329,54,36,22
d2bb26a2cb4d41bebd84f0c16fabb9da,fashion_roupa_masculina,11,255,1,4482,11,16,16
b873b090edbe403c9fcf7ea72b4cdf57,fashion_roupa_feminina,27,228,4,167,24,10,19
c6e4ea6f80a4459ab89480bbf62dbdda,eletronicos,41,322,3,3542,29,36,33
4fe60080d35c410a9e4c012cd571d850,esporte_lazer,54,910,1,2805,15,14,13
3e8f0db90a494762a70f72e2ef67cdf4,fashion_roupa_feminina,59,501,1,4549,40,16,22
ff98097521f14ef5ac8b6cce3625dcc7,pet_shop,26,936,4,203,17,20,34
adf9fb1a3f3b43b49190b9edbd5eab7c,livros_tecnicos,38,353,1,1731,39,11,43
5d55b1300d5c449790a4e0cbffd1d3e4,moveis_decoracao,23,584,4,2656,30,15,50
86360e3d928f430b85935c801bcfe200,automotivo,12,862,5,4367,17,21,40
885390866e094ef5b994213585d2936b,moveis_decoracao,29,303,3,526,52,18,17
eeec8200cf614353ba689397d916fdf7,cama_mesa_banho,50,544,3,223,20,22,47
cf3dffdb20fc4dd8af892c958f064464,informatica_acessorios,35,908,2,173,12,35,48
63e25455d57a4f1ca6856249c1227db6,telefonia,33,889,1,2137,20,36,15
315b65157d094338a4b90f108d469787,moveis_decoracao,49,446,1,589,32,14,44
da7f9a5a03704a1d9ae518f6b8570bc5,livros_tecnicos,16,228,4,2006,30,40,32
cf6fa556a0b948a49fbb64e05b0b7592,livros_tecnicos,38,850,2,274,54,29,32
424b44b2ff3646a5ae3f97945d59a632,automotivo,18,356,1,4075,55,33,45
a5f644c8c515422680ebef85c1ef35db,fashion_roupa_feminina,44,813,4,1654,46,16,44
5b051d1711cb4bac93bd8f1fa70d9dc3,fashion_roupa_masculina,30,849,4,2355,48,40,20
b0eccf72e5a74d548bb7b6b81bc0735c,informatica_acessorios,43,258,4,2522,26,39,33
c0c5e8e8f7e94ab497e00e50aea6d521,esporte_lazer,10,894,5,3205,56,16,11
0d72684d2bf44cc0b6be387d16d1f850,beleza_saude,33,894,5,2056,30,9,44
cca5cf6ca6af4f62b96ed1395128c601,pet_shop,34,294,5,4175,59,40,19
db5d5c6a333d4b5e8de90fe12d6c5c58,beleza_saude,28,430,4,2738,17,11,43
4af5f807b1bb4251b991faaf05801040,moveis_decoracao,14,144,2,1563,12,17,16
8b9289deb68243c2bdd7acdea80eaa4f,esporte_lazer,22,201,1,4777,51,29,41
ac51365fc63b439d8683be136a92a1c5,brinquedos,49,818,5,2196,13,28,24
c2ff52f62507404fa8c50da998a7d67f,beleza_saude,55,172,1,1809,51,36,15
165e1208dca74f90b37e0ed94f3da87a,esporte_lazer,50,162,3,4671,57,31,33
139d40021b7f43dc8a7727f0aabe8f69,livros_tecnicos,55,159,5,2277,43,7,14
782df326f6904678bec0bf41bd28f9ee,pet_shop,29,179,2,4355,16,11,24
7ac04b5671c240268084ce80c3ce21bf,brinquedos,34,294,2,4410,52,20,46
b994915b308e4cc28b45d9b25350aa7b,moveis_decoracao,21,671,5,3501,57,11,50
60978cd6242f41a3a77b752ea0624ad0,beleza_saude,32,790,4,3598,16,15,21
87d22d30e7074d54bdc01df3312a7840,brinquedos,35,616,3,1395,44,33,32
158746a0322c4ba4bffd94c963a9c698,fashion_roupa_masculina,45,432,3,3477,58,32,30
893d376aeb2c49da8a00964aa8d94ce6,beleza_saude,25,676,5,1852,34,40,26
ed509e9b16b24a039d732d2ac6c31fbf,fashion_roupa_masculina,38,558,4,101,56,7,28
1023807d270a4678a8bb6c08c3d9fb3e,beleza_saude,11,630,2,2572,10,24,24
3ca28e360c8b41b78e8f3fab1c829ede,cama_mesa_banho,30,122,3,4635,42,40,46
1cf2fb70654248af898fa5402e9c841f,beleza_saude,19,196,1,3871,32,14,18
5f2008f13725458daa8ea2a574a0bfef,fashion_roupa_feminina,33,696,2,2008,26,24,15
3feca4a42f6b474cb5bb25dd17d4579d,beleza_saude,35,682,2,732,56,25,40
59bba8f1770f47aeb707627d826cb9b0,telefonia,41,945,5,881,48,24,12
2bd11ebe023d423ea81ac528e23ecbca,automotivo,46,490,1,558,59,26,32
a7ed21ea0b21464eaac2e8245a115ed8,pet_shop,37,526,1,1957,57,5,50
0ce76ebe931e4ebba5b65052291df983,livros_tecnicos,50,491,1,2596,43,7,30
3e187d741da547549d83888cbaa341ae,brinquedos,46,253,3,4215,54,19,19
5420e31ecc45495d92ce3b0afbc8ab2c,eletronicos,53,849,4,3750,58,37,15
e55cf18edddd42eb892fb4938ba0f549,cama_mesa_banho,37,396,4,1312,18,26,15
b9e34d775d41418bb7a18e0b5fb97fdf,esporte_lazer,46,863,1,4590,35,21,15
8d3d1128281249318907db24cb4e2802,joias_relogios,42,544,2,1204,40,40,22
8fab4e74a2b145bdb654e0589c3d9d3b,esporte_lazer,35,767,5,1706,45,38,25
bf526da2e6f046b4954bb7a2bb5cd05b,cama_mesa_banho,14,372,4,2749,53,10,17
a630286f51e04d38b3153b4248529115,moveis_decoracao,36,533,3,2953,22,25,32
eb1eddbb93434b90af87e999a3d083e7,beleza_saude,51,124,3,1486,32,33,49
58d480d512c7476693775d0c81e668a9,telefonia,38,145,2,1735,53,28,19
c7a2ac18a94e4c7cac0500f7c8295c23,livros_tecnicos,56,973,1,1020,57,8,25
fafb2fb7cff241e9a62481e5481e151d,beleza_saude,19,989,3,212,31,12,29
1d6341d5555b46db8da397b6bb30827a,esporte_lazer,40,123,3,1812,57,39,23
7bf39797a9684b26a8f40c054b57df58,cama_mesa_banho,44,635,3,4595,40,14,11
83d18c2e1d6448e2aa1a3c6fbf71c47f,joias_relogios,47,779,5,456,26,15,13
d2bfa83f52e94a338d666e211430b630,fashion_roupa_feminina,22,908,5,2322,13,34,10
99fa6f8c15b9480da427fc0dd9c6f332,informatica_acessorios,34,776,3,3050,16,6,28
a05b7c5f83d14e3fb7b536a22b642ba5,pet_shop,51,495,2,3218,42,11,30
ac3b44903d3d489a976391ea57c3b60a,esporte_lazer,48,644,1,1627,22,37,39
9ead6e8a441b4107b3a27bb9c2626bb2,brinquedos,55,122,1,2126,43,24,31
87f5d80b2e6f437290139797e40b5d20,esporte_lazer,35,862,2,250,32,27,32
0d5b08b764474ebba0605f876cdd6bf3,moveis_decoracao,29,341,5,2359,13,21,34
a6ca43f674a148599316e1c0b2c1f415,pet_shop,11,668,3,1947,19,26,35
ce1bd8687c4742a5a0fa2bae096467f5,moveis_decoracao,18,189,4,4365,53,19,36
581bd2e4bad5475abe25b875e80aa24f,cama_mesa_banho,46,256,4,2659,48,26,38
abbec15eec1241f6b7684aeb88bca904,brinquedos,18,311,2,4859,44,17,18
e2e792c358e64938ab3ea7321474821e,fashion_roupa_feminina,54,822,5,1207,37,14,46
9d8badc5791c4ce99e32674b6470696c,telefonia,30,169,5,4466,56,12,21
42a99f920a444c90891d3f8bcde01771,fashion_roupa_masculina,19,844,1,2710,36,31,29
5d6b813ac9334e12b1d3b240524aa9dd,esporte_lazer,57,941,3,1344,59,17,16
0b985ed01fdc4c9a83c30e004490394b,telefonia,21,126,5,2286,48,19,48
0cf0f36dbdc447e39dacfb2fa7860097,cama_mesa_banho,24,803,1,3043,15,35,18
0061f234359045e9bd07c4112c6e6e9d,brinquedos,48,580,3,1607,34,36,40
6e4b7f6e336b4ed7b6937df09d16ace3,telefonia,20,297,2,364,36,5,27
066682d7889f4edc99477f95a74cd01d,joias_relogios,24,860,2,1775,14,16,38
7f0aa6572d054d17b0b1a31b2f065a2f,pet_shop,49,601,3,3848,25,32,35
2b34a67d6b934197812f725023a915f4,livros_tecnicos,12,722,4,2663,35,39,43
02979e4557d84bfc9c8b86b5c917843a,moveis_decoracao,55,905,1,4365,16,33,39
0918963df41149dfbf28ac2009d3cab4,pet_shop,12,998,2,4349,44,30,12
5ac2199f5d07448191b6dbb71bfa6a42,brinquedos,34,628,1,1655,28,33,35
5285f21f8c6e48b6befad59032378679,fashion_roupa_feminina,59,947,3,3879,20,32,28
ab43a50504e2499fa91c87ee5922476c,beleza_saude,13,806,5,1265,39,33,15
0a5846702bd741ab927711a01d0cd3cd,automotivo,42,215,2,4895,54,39,18
ea024166bf3548399e4092dab22fa330,joias_relogios,36,431,4,304,21,34,47
226ca521d7ed4761988aa400f10036fe,automotivo,22,565,1,2148,30,15,17
e73b6f0c6c1f4062bedcf4e2fb7e4ec7,informatica_acessorios,17,823,4,3073,15,38,34
98640effa40a4af19ea58034f9a2d56a,automotivo,60,623,5,1409,34,40,34
5ddfb305b8f04d659b81f04357247516,eletronicos,59,274,3,4732,52,14,20
c5319c4505a34f29a9bbb1d523275878,pet_shop,19,283,1,3537,29,24,38
1806f44c9bed463481ad6897370d48e9,fashion_roupa_feminina,50,285,1,1177,22,5,49
a354fe66e437442d8d4c44876876e854,livros_tecnicos,26,112,4,4176,41,39,10
384b14c8ae5c4906a231f46a12986726,beleza_saude,41,343,2,4923,52,35,39
24948bc56b7a46e389085e94a2d3457d,joias_relogios,38,181,5,153,25,40,27
9d1958ce7b614d47828171499c72c82e,beleza_saude,50,670,2,500,21,14,13
a1e8e450f8d34409946f7ac3fe01f698,moveis_decoracao,32,137,2,365,52,24,31
02a746555133423d9b8ba3a770752678,informatica_acessorios,13,211,4,1560,20,23,49
43a8a102ab0f419a994135ff49c42a93,moveis_decoracao,54,816,5,4788,60,40,21
b81d259c79cd4cd9988296623ab733fd,esporte_lazer,57,692,3,393,15,24,30
2f2fd958919c456e8daa4e957da3d63f,fashion_roupa_masculina,34,939,1,3600,45,9,28
d20f3668c53a44598f3c8e7dca3d626d,esporte_lazer,18,224,3,2796,43,31,43
0d98a029b1c24d61a1a947b107a37920,cama_mesa_banho,54,314,5,576,16,38,15
6d852edb12324a3e95d70a6263fc6997,esporte_lazer,56,805,5,2452,37,25,26
d3919c7d94cf4ad5ba5ad5368ef19101,brinquedos,46,738,3,1162,49,36,43
1dee2cf37f2e4129aaf36c2636fd691f,automotivo,50,609,4,1573,49,19,28
b41fb0d6c3e14acdafc8f11e4667e04f,cama_mesa_banho,10,221,1,3908,50,12,23
a56a4cecdf2f4221a36e79f2b5716931,livros_tecnicos,49,524,4,472,31,27,45
0c193ccfd367453ab7f4b1eee8cd75ea,livros_tecnicos,50,317,1,1748,54,23,26
51e0615611eb4c538d482ec265e508cd,livros_tecnicos,14,415,3,4250,45,25,10
d681b1e7642347bba24db6f4e6e4f2ed,informatica_acessorios,53,441,3,3344,56,6,21
6d4ccbfe0a75411f9ff1b0c408a2ccbe,cama_mesa_banho,31,953,3,4024,40,7,18
b32457e1751b43e392c0babd8987d139,esporte_lazer,19,742,4,4498,31,34,36
0b9a316f28094e69a4a2673838d34e1e,automotivo,13,955,5,2552,46,25,45
49fc91bfa0e64fe584abe49707fd4573,brinquedos,11,313,5,2817,60,27,14
c3bd89008f724a61be8ae34d51121363,telefonia,27,960,1,2878,34,39,20
dc49c2ddeb6449ee9cc9ac02d0c7fa6e,beleza_saude,48,498,2,4975,17,24,30
5f568bfff7e44679aba4753b62f64e6f,automotivo,12,378,4,811,41,20,33
64579eefac7c4e2a8d29d073b6167c5a,esporte_lazer,29,321,5,2576,21,12,33
a3ba1e9a6b5744cca5f09f548dfe3eb4,livros_tecnicos,12,896,2,858,38,37,11
cc1ebe49ceb248dca82d11788a46c6fb,livros_tecnicos,40,612,2,1658,31,35,43
59fcde9a080b4c4888112dea135a5743,fashion_roupa_feminina,59,435,2,904,43,13,23
113b3456e4a944c181d2c1ccdeda3a23,automotivo,12,570,4,4379,17,5,29
889d627e23c143a8874716d2d4c7f510,eletronicos,53,968,5,813,31,34,12
b694a9da798642d09c89634a0f8df657,informatica_acessorios,43,884,3,284,46,24,50
88169701ebc24727b1c4857e8d003dbd,cama_mesa_banho,30,305,2,2447,27,39,30
d3e1e370831144da94c8f6797297df68,livros_tecnicos,38,787,1,2333,19,15,27
0d3f7520cf2c40dfa1404ff0d3056344,informatica_acessorios,10,737,5,4311,16,18,44
970aa600a458438794ddb4e4570e82a7,fashion_roupa_masculina,45,426,3,1259,55,23,46
4fb8daad9fe644c9831ad172380aaf5e,cama_mesa_banho,20,172,3,2874,44,33,13
0662d1d4b4d04c13becc18e77cb61c7f,telefonia,11,582,1,967,34,8,15
637fb4d6e00e469088dc8d2f97dac203,joias_relogios,35,283,5,4955,50,33,49
f0f067d3593b469785d22868122266ad,fashion_roupa_masculina,29,440,2,4470,15,34,46
2342ae0311b04913b1ff224e822929d1,telefonia,15,932,4,896,39,24,39
b00ad79c43174bc9a2b75a9aa3b57d32,esporte_lazer,24,329,2,2213,33,30,21
e254c23c0a0d497992ebf51615b4651e,automotivo,52,438,3,3813,41,6,14
adc6e1f7b6a9457b8e8dbeecaf3b2040,esporte_lazer,17,459,4,3878,20,23,32
b66b1c9aa105421b9f3a0c7e14447f7d,beleza_saude,46,230,5,943,35,11,30
4d2ac832c8a04710b079a8cc42444e39,brinquedos,51,172,3,4464,39,30,47
3b176dd84146458d8473f776d2bddc19,joias_relogios,25,735,2,4588,20,35,34
69d0794ef36e410b998b4969954913a1,informatica_acessorios,31,313,5,3631,60,32,46
bdce04ff20b0461688b807dfae0ba5d2,livros_tecnicos,31,657,2,1517,52,9,46
32634ba65c404ff9a1942929511567b6,pet_shop,41,217,5,4983,39,25,45
9fa12b7509bc4a37a444a1c2449b221c,informatica_acessorios,38,280,3,3424,14,11,48
d966baec00ec48a397bb099f98a40287,livros_tecnicos,34,435,4,603,15,18,18
712c101d95c14aec9b5d62ad30cc76fb,beleza_saude,58,751,1,1301,52,14,38
c50853addbfa40318898b7d0448abacc,brinquedos,28,499,5,4834,38,17,23
0949c3c990f14484a895000de4233920,moveis_decoracao,30,406,5,2594,37,27,15
935955a2c975400f992e6e2fce841ebf,beleza_saude,10,726,5,3411,18,23,13
515202e47774464a94017be7f85b3566,fashion_roupa_masculina,45,154,1,4687,32,12,28
75e87a78dd5940b0a6c94a7bb65c7282,pet_shop,11,340,4,4934,35,25,34
0682f7f1406448789a18190fc2364321,joias_relogios,34,545,5,1830,52,16,40
db9ed927e3b6448bbe11abbc3d6cf3bf,telefonia,22,668,4,3051,36,14,28
91ba1b3da39b468ebbf64eb2fdb7fc2e,pet_shop,52,228,2,195,14,6,19
45015e59409148c284009eb0c23ac5e2,automotivo,41,773,4,1212,15,13,36
82488fb7ef4b46018315dfdd516e228f,pet_shop,39,907,5,3587,49,16,39
7ec9345f83524682b4fa0d9cc72aad07,brinquedos,37,665,4,3251,32,19,21
1f8c53835b34456f8d370daa950ab6a0,joias_relogios,48,107,5,4180,56,20,42
87fe4437ddaa4610aa167ede7a575384,fashion_roupa_feminina,36,659,5,3106,12,7,46
3eab174d988e404fbf15f93e0d7e4d80,esporte_lazer,55,477,1,4853,40,10,19
302b2d65119847218d0d5d32697175b0,automotivo,56,639,3,3908,43,10,43
d9f13c84605c43b19763762d2065ef3c,beleza_saude,15,351,4,739,53,39,47
304b35f966704a8a8a8be97aff63ceff,fashion_roupa_feminina,49,154,3,4482,59,5,40
0b6b3b541d6b4a5182bc161cafe56e51,esporte_lazer,42,580,5,2815,36,27,28
e8ec61fa230a4a25805e29c2dd1b1332,fashion_roupa_feminina,20,136,5,2590,56,21,13
662bf0368ee54b1fa4a9734c7f8fe547,moveis_decoracao,40,692,2,4792,13,23,49
b4c8198c3751494ead84709614ca7ec3,eletronicos,28,596,1,1138,42,9,27
d21ee1265c424cc5b030de1dbd1b66f2,fashion_roupa_feminina,18,730,3,2354,26,5,17
4390f73944f04bc3a1256aee91c13ac3,beleza_saude,21,705,2,3758,33,16,26
c1077bcd785041d8906013e8cc6712ec,livros_tecnicos,54,341,4,1581,43,7,31
65df725083dc4ebe803d5e7df6d3558f,informatica_acessorios,19,709,2,4162,58,31,34
f71a094b918248568ba6678e4508ca92,cama_mesa_banho,52,550,2,1827,46,27,13
9d67e4ed037c4ab18310af84eff3aaa9,moveis_decoracao,26,873,1,530,20,34,35
7234d77bfaad4c41a2e52318796e1d3a,esporte_lazer,29,587,5,2014,34,29,40
d19128690be9493c9568ee065d64af65,fashion_roupa_feminina,19,643,4,197,28,33,34
7e65a9b910774e788f0d9504ca81c67d,moveis_decoracao,30,642,1,897,44,27,37
0f56eb7461e74f04b87b34358f2e013f,beleza_saude,51,978,3,2844,27,22,16
36be31b110314ee0a3a8a8c04d13a605,fashion_roupa_feminina,51,698,4,3877,59,20,47
420523eb014b4348b5184459ac281c02,livros_tecnicos,22,632,3,1573,30,40,10
00f4e308010b4d9f85e6e20247a60902,moveis_decoracao,10,951,1,197,36,11,43
0f5c9b1e1ba94692aa6ab77ae1e65308,informatica_acessorios,53,556,3,1897,56,23,26
c5ee35ef123f45e2a3dd010fdee71f41,cama_mesa_banho,12,124,5,853,13,18,48
f0c6e965356f46e4a1629fbd0de870d8,moveis_decoracao,17,825,1,807,48,13,34
9df98eac15e4496299cf3fc0363994f0,moveis_decoracao,58,763,5,1613,17,16,26
d0ce3e20347a4e5ab5761dd2bb448beb,fashion_roupa_feminina,39,776,1,3814,27,32,30
788589eef1f64f1aa2e97ac7fb35f8b1,fashion_roupa_feminina,20,899,1,2371,59,8,34
cfc4aaba3b7843d093f2d7fea761d905,joias_relogios,31,161,3,2268,21,33,14
22bbc101e9f4487ea64af1639fba2263,esporte_lazer,22,724,4,1561,51,36,16
e397f7be0d734f1bbc9212269385373a,telefonia,44,887,4,1889,49,11,38
53da9fc6c49544689a86269990d7adc8,automotivo,26,205,1,697,14,21,38
98be14c34dd247af961d34fd280408ea,eletronicos,41,252,1,409,52,29,27
8827650246aa410b8436aed77209138d,telefonia,54,437,4,4807,10,37,41
3271d538949b4f03a2358e372ce84989,esporte_lazer,37,513,1,4524,24,5,34
297b32d197044ff09afafbf424c33c48,automotivo,59,593,1,4746,44,27,31
1927ad8691044b57a50b72354fc3e2cb,moveis_decoracao,29,510,1,842,33,39,31
b4dc8b18f1a94f849786b685ffb037bb,informatica_acessorios,39,878,3,1763,21,40,12
29f3b61a5f2d4c4f80468b6ba88e3d8e,joias_relogios,52,295,3,3295,16,27,41
8922494fc840442ebefe7a87b310dff4,informatica_acessorios,50,548,2,1246,12,17,11
715e1ebbbeb74f60895d3ceda3fb1ff6,automotivo,47,344,4,3284,14,39,29
f5c78078ad2b4e0d81df7f70d6547b5e,esporte_lazer,44,954,4,234,12,26,13
4befae4a142f467d90bd9feb399994da,fashion_roupa_masculina,60,838,1,3421,17,18,43
ae07ca88e32e4d7ab9e437bb7f0c5684,esporte_lazer,53,991,5,1320,57,19,14
8ed053c2783d47bd8e7bef957daa58b4,eletronicos,57,244,4,256,40,7,25
9ea605d6a39a433aa48a6234ed2bfa2c,automotivo,51,233,1,1511,50,8,29
d22300a530494794b9a28641eb9a8b40,pet_shop,60,199,4,1498,47,9,16
c31464094ada45a3a077b2f1bf28c323,informatica_acessorios,41,709,5,1906,14,17,37
42bae0fd0ba84050b298d1297ab7437a,fashion_roupa_masculina,57,794,4,2756,17,39,18
1dae60ee0ffd4927910780321a973cf8,fashion_roupa_masculina,60,318,1,4958,21,26,14
c86e882d67a542ab8269c9115a387900,informatica_acessorios,27,244,4,1476,54,28,45
de3dc0e5d48740c29b846c65ad899890,telefonia,38,349,5,433,18,11,50
1aff69df33d2445ab560ab253d4428d0,beleza_saude,34,896,2,228,41,10,10
efe438fcc64c40418fa44f5ac284f381,eletronicos,21,191,5,2424,36,35,18
e91637857d714a0bac5b02c141b9b115,cama_mesa_banho,19,755,3,4385,38,31,25
94cd556183b2499f8466c62b96831a7a,telefonia,49,808,1,4984,21,36,49
880375fc847c440da174676af6f4c188,informatica_acessorios,50,946,3,2949,36,5,45
58b0e4d6e822455985169599ff7af5d2,cama_mesa_banho,22,220,5,883,49,28,44
d8293e3a314044d594035a384d1239b3,brinquedos,24,575,2,2364,13,17,17
0679ec2e61a04bcd9b089776f89ef6d5,livros_tecnicos,19,801,4,4175,21,15,12
06cbf68d9aa34605bf85e393141b1b8b,eletronicos,51,472,3,1816,37,21,31
978965f85f24482aa0739ac0acce7deb,beleza_saude,58,564,1,955,57,8,44
bf7b17e1d5a8443896512449bc82af49,telefonia,20,904,1,4073,42,12,14
18dbad41e725469985c8e63621d814ed,cama_mesa_banho,56,555,5,4849,30,31,22
c2727346aff0479aa71ff25a85b079e5,automotivo,53,433,2,1002,30,19,16
1a74f184cf2c4ab9a79acb9e3ad5a0ae,cama_mesa_banho,57,522,2,3176,24,9,40
436e04498d9b41aab49cb77f08d22e5c,beleza_saude,41,155,4,1287,23,34,21
9f5b44fe48f9449e96013960e9a6672c,joias_relogios,33,239,4,1690,50,27,27
9e13d0a8864e47fb83fe98725c113ba7,cama_mesa_banho,31,230,1,4758,13,22,18
d37b6cd68a284828a0a1a814bfdbe736,informatica_acessorios,39,569,4,1502,58,26,24
0f50c051cb5647f1b3b85d0da79bf241,fashion_roupa_feminina,48,260,5,1492,46,40,24
d6d0cbeb1d774135a981489c0698a85b,informatica_acessorios,36,977,5,4107,23,35,39
957dadb58f9546ff931677d05532192f,fashion_roupa_feminina,10,847,4,2120,25,25,37
71b8845163c64de389e4d31cb8eb058b,beleza_saude,24,705,2,4799,10,31,12
ace131bfc7dd4724bc1ddf82c4d1b709,eletronicos,40,851,5,375,37,38,35
89dbf7c17e0949f09e5b1e08cecf8fb3,esporte_lazer,54,941,1,3806,41,20,15
5d869a27ec3c45bd8d7ba5313d5f572c,brinquedos,58,112,4,1885,18,27,28
f6f4c13992c64f37bef2687d1f607438,cama_mesa_banho,51,192,1,4030,52,24,20
a6a3ba6eb1584bf591301d2c16d23382,automotivo,39,978,5,4881,11,34,39
64da418e8861461faa3fca8455f8b104,livros_tecnicos,18,995,4,1615,60,28,50
8eb7934b22b94ca794a5a0943a130b56,esporte_lazer,55,748,1,679,34,26,43
ce5f3c8f983d41908f090bbc9f505a09,eletronicos,28,536,3,4543,46,18,15
c325125fd3a9468a8996e5359ec96ecd,beleza_saude,31,853,1,4316,53,28,13
4d26b26e084e421b81028de0874d29a0,informatica_acessorios,34,474,4,434,33,28,21
40d52c0004da4371a246e94a5390c2d1,moveis_decoracao,45,821,1,4693,55,18,18
6760abc9079a425e93f033ff6fb91cdb,fashion_roupa_masculina,25,652,1,4019,57,18,24
0605ec56eb6b485bba59bc1f21b85bc2,fashion_roupa_masculina,32,373,5,3564,27,8,14
fd8be33b20f24ff79c11258f6a5d3d24,fashion_roupa_masculina,32,563,4,4207,43,12,40
1d684165510f4969ad1c21c3d7e63076,automotivo,44,794,5,2494,38,28,14
b9946565ba4b4384a1fabdc140ac2c63,cama_mesa_banho,39,189,1,3300,21,23,14
c708d35ee966461db6f8db858e8ac342,informatica_acessorios,20,382,1,1312,41,14,23
a70669065acc445f84a812d618fde6b1,brinquedos,50,123,3,3512,53,39,18
be81816fa13e4bef859aee3c3c8936da,esporte_lazer,32,530,4,275,28,17,14
fe1aa573d8414a1f931263c4982a1f8f,eletronicos,24,954,5,2851,36,26,30
abcd14d774f44afd972f7bc6fad6e0a3,esporte_lazer,47,781,5,4593,38,34,29
2a97307ec82b45658a5aff5321a6b307,beleza_saude,18,908,3,1506,60,21,24
197da58881e94203ae8ba955ed9138a5,esporte_lazer,33,395,1,1315,32,23,39
a5da4b3ed4774e049eba3f15582b6557,telefonia,49,264,5,2436,21,16,19
8efac2d645004baca4f6a2ee2d1cfba5,telefonia,25,219,1,2693,46,13,38
4ca5f2e3c57e4d5699f18165e88e3c50,fashion_roupa_feminina,33,288,2,4707,55,7,30
db052b579361493c9e59985304ee106f,fashion_roupa_masculina,19,481,4,4522,20,39,29
9202f623819a49c08fb4e8f47ce85c83,informatica_acessorios,11,514,4,1290,39,25,19
d94c306193a54fcf99063e8a75131b5a,eletronicos,57,659,5,2813,51,23,40
7101c077da4d4c0fa940fc39c8de815c,fashion_roupa_feminina,58,687,2,4730,56,33,31
0fffc9af85c84231bd0e09c8f92d948a,automotivo,17,849,4,428,18,40,17
6c1291f1bf974f1e8d3c8732ceda7acc,fashion_roupa_feminina,11,511,5,1905,38,27,15
fd7a9a95f45d4b458224da2e16694d7e,fashion_roupa_masculina,13,722,2,4879,43,19,27
c56b83d5e1174bd499cd68e52ea57604,cama_mesa_banho,11,185,5,3749,53,10,42
acf142f859c747fd83f5d00f580e89c2,joias_relogios,22,602,3,4290,13,28,35
0d4dfdaa98d94287864629532524ab0f,telefonia,55,974,4,3128,34,28,10
85a1c0a5741145c886382486eda39468,fashion_roupa_feminina,32,459,3,3750,45,10,23
4a4ba20e78914814acf8243cf9497801,automotivo,38,859,4,3724,28,15,37
26c0793fcc5d417ea95fd848e785d089,automotivo,36,242,5,4998,15,14,23
da34073f59c941cf9755916478d943ca,fashion_roupa_feminina,40,988,5,2847,14,29,15
7f5a52cd254540939e50561c541c1a8a,eletronicos,36,754,3,3495,21,40,39
896ca5637f9d412eaf9157d3cc2e4fbe,automotivo,46,873,2,1732,21,29,28
daba52fd218240cf9ec46e1f98e5277b,brinquedos,41,143,3,4894,29,36,45
2a33f9bdde6546399c838cb10d5c59c5,automotivo,39,329,1,120,19,21,29
084561c60833442eb44b7ed0dbce31bf,moveis_decoracao,50,583,1,2456,36,16,41
bb601fd336e642b098ad187649fdf385,automotivo,51,350,1,1077,58,22,41
5664a0cf2b514fc5be55298073109a3a,informatica_acessorios,48,863,3,4860,40,32,26
e699bf8185904b0fa2e7907fd85dfe89,moveis_decoracao,53,587,1,3157,42,6,26
3c7dea1c361b40daa95a2cb9ed08f86d,telefonia,47,159,2,2718,39,13,32
17eb77f5baf147f2bc628501fef32afe,telefonia,13,379,3,3536,50,27,13
506546399b3742f4980a3e693be74204,fashion_roupa_feminina,28,642,1,4309,22,16,16
9d4eadf637254dfc8fdc7c5047c83ed1,beleza_saude,58,271,5,2742,30,24,27
1a742a67182a4b809518b0a133b2492c,moveis_decoracao,54,804,3,885,44,27,19
ad8f3bcb107b45e0b98ee5fafbe3814e,eletronicos,18,630,3,3155,59,36,36
96cf3044d29a4b11a69cc14460872572,fashion_roupa_masculina,20,204,2,1366,42,19,22
e0f54c7ea46b4f18bfe6fa2df5b9b31e,livros_tecnicos,45,728,5,4458,55,40,17
989ce8636b8548c6b93530d054b39d82,joias_relogios,39,178,1,1175,11,35,32
c43d5c0c2b5642c4acf7898acdc8ed7d,fashion_roupa_feminina,54,471,2,3720,48,38,31
923104d29833457caccd9324bbcba877,telefonia,55,411,1,1071,24,13,19
b0bd127fca3d4670a7f8db87e362153f,automotivo,24,414,2,1819,18,10,37
08feaed84d844f0aa32d283bf330e509,automotivo,58,902,1,736,11,35,37
87351c3866cc4404ae9a76559c6cc605,eletronicos,22,210,1,4306,47,8,40
1ebd6b7a186b42b18493d3d381b2514e,informatica_acessorios,26,144,1,2571,52,5,16
91497312179c441a83bf799d5169e9f9,livros_tecnicos,17,716,2,4913,22,16,32
db4da47bfda94d9b861682c12b10e529,eletronicos,15,249,3,4849,32,27,20
9b35b0535db34c3ab96ffb08483a938f,pet_shop,42,899,5,2081,42,9,16
e82a2404d8d14221865bcc2044340fdc,pet_shop,47,881,1,4432,23,17,28
3846e87a70a8441d80049b6faefc1a26,telefonia,58,650,1,908,23,37,40
8d175e2bc05e4f66a1957098cce60266,fashion_roupa_masculina,54,703,2,3701,53,11,21
1801d6f6d9f04e9e818263b220e6f2a0,pet_shop,32,488,4,1855,42,19,36
943af68898254ce4a510b570d33712eb,informatica_acessorios,58,421,1,3916,17,38,18
fd6d1316be834ad6b0e30f84f7722f38,esporte_lazer,58,469,3,4664,56,7,15
3c29ad87a8244df3bfe86ded37eb6aaf,fashion_roupa_masculina,41,218,4,2423,39,24,38
1076806ff03a42dda7f285da54256829,cama_mesa_banho,45,517,3,3605,22,9,40
4fa78567bcca4de7aea6d0b782dbd143,moveis_decoracao,33,283,1,4127,53,11,35
42146a3830f2482cae102fd8e8a2d256,esporte_lazer,43,774,1,1076,19,30,35
a151218918d64c678a0b9f56c8306f3a,automotivo,47,204,2,630,33,17,31
4a338e4a53714047a14f065069055272,cama_mesa_banho,48,964,4,1105,24,32,41
031d88a5eb034d17b336386a28e8a95d,fashion_roupa_feminina,58,830,5,4963,27,30,32
2b55c0c3984c4ec7aff255c52b07e033,esporte_lazer,52,717,4,4069,42,22,19
b5d36022f76b4b56837e51a05aab1f56,livros_tecnicos,39,210,1,2153,41,36,24
c4ce4e6e3136492191a289e26ff0b163,moveis_decoracao,18,130,1,532,14,36,11
cf2d4a136fad4f398f078ce43b2f3c62,telefonia,34,719,3,1351,29,11,14
83fa3fbdeb6a480dbfb8b8f7923e623a,moveis_decoracao,58,632,4,3917,22,23,41
a2f5a3ca7171419e81990d543ab3f459,esporte_lazer,42,367,5,2914,44,39,11
3b49a7ae86a74e52bc0cb8f13ef7dbaa,livros_tecnicos,12,540,1,3242,38,25,34
465d7d7acaa34c2c9918e01c0d90abef,esporte_lazer,39,136,1,1548,45,24,20
c0d1c63a3520462cb6d8445feebc8b26,esporte_lazer,37,237,3,3287,41,12,46
5104f683673c40aebd893afb80e78ca6,moveis_decoracao,41,775,5,4518,46,35,40
1a36f229106d4cc79482ba3c198f8fb0,brinquedos,20,618,1,3306,26,36,47
f291ac391a6949adace4ee6a6030b01f,joias_relogios,49,792,3,2430,30,8,11
3eb395435dba4cff8ece2cf4c2cf1361,beleza_saude,12,231,3,2957,57,6,50
7ec5a8f10d7e459884d8d05515ee1077,fashion_roupa_masculina,34,199,4,2927,32,31,32
aa6bbe6f044246f597e47ae3f80e0b61,eletronicos,52,350,2,2022,51,24,47
ad003a3923ab4935a45d2b4007f722f2,informatica_acessorios,54,167,3,1037,31,15,11
3b94220457df496f88c999346b974f40,brinquedos,30,138,4,3560,46,37,36
472e9ddebce14c2c89aece1d1d5577ca,fashion_roupa_feminina,11,812,4,4916,11,25,34
4d783776725d483ca51044245ead5107,beleza_saude,34,430,5,900,41,11,23
cce713eef8234cf9b38d010f80dca13a,fashion_roupa_masculina,41,614,3,1465,49,24,33
7c4ba47c60fd4da5b7eeb863dbf97339,joias_relogios,22,608,1,4489,23,23,26
0f3ef6d2be3e4b248279ac76f6cca763,eletronicos,29,687,4,1950,49,10,47
1db11420404545ff90fd25f1ee68afbc,informatica_acessorios,47,444,3,651,46,38,40
8249cb5be88d4717bf22b429c2c13f30,joias_relogios,23,455,1,2572,42,24,37
202fa3bd7bef4ac8b72edbd465b69df0,moveis_decoracao,44,420,2,3494,35,21,49
af95ee2355764eb3813822e8e13d0127,brinquedos,39,787,5,1579,11,38,21
e1ff432a62184db38a6a282e40ff368f,beleza_saude,41,318,4,2294,50,39,49
daf16c39f83d43deb2a06bf7a2cab9f4,pet_shop,59,544,5,590,43,17,33
fb09a122fea7469a9f375296877cb5a3,esporte_lazer,19,346,2,2559,37,31,30
6a4ba37956ce478695e4de7ee4904327,pet_shop,14,749,2,3478,27,23,20
6a305a044aa74e438966255dcd71fe9f,fashion_roupa_feminina,53,715,2,3424,25,12,19
aba761434a444fcbb523d34531d66684,cama_mesa_banho,11,351,3,3902,41,40,37
5820f6309ec0475f9a6cbd5af9a6e070,joias_relogios,51,137,2,1405,27,13,11
08f00ec59ce045f988abd0c79d2cd9aa,fashion_roupa_feminina,60,922,3,4611,21,7,41
13d7aeaae0b44a769d5f22f4befd5da1,livros_tecnicos,11,156,1,2671,48,24,14
d4048ea8741e40caa55cfb460641ca4b,joias_relogios,33,787,1,3351,56,13,25
2f57088b45594f72b86a6a077978574f,informatica_acessorios,46,852,5,1088,43,38,26
4c7d14b175734e92a4a9ccbcf1e90669,esporte_lazer,15,343,5,1101,59,25,31
f87aa4063e8d45abb3cb6f217714ed40,pet_shop,47,854,4,2032,37,18,19
8642d2d08c3d45a39ff316bedb8a1dc3,informatica_acessorios,21,319,3,3700,36,21,47
6336815859624377afc81b616ad76fe5,eletronicos,41,646,3,1025,30,39,37
6cc46ce0d2e74c4ba00819d99e14447e,esporte_lazer,53,352,3,1287,33,35,33
8a34200113be48afaac24965dd7a3291,pet_shop,29,121,5,385,57,8,25
d8492086c9a9477c856f8ff1af897468,fashion_roupa_feminina,45,493,3,3072,53,12,44
01894d19857b4b6b985397375bcaaaf7,pet_shop,25,978,4,3282,10,30,26
03b6e42ae6604eb181d5233f8c0f7a9c,fashion_roupa_feminina,15,942,2,2536,23,15,38
976cafc32b8d4db4981ef305736a6280,moveis_decoracao,30,1000,4,377,27,10,41
3ba7df21f08a4fa088a5dbad484a0870,esporte_lazer,57,522,3,3560,16,15,26
542e97a456e746b6af462da7b6ea6428,brinquedos,14,460,4,4586,57,25,39
4404101de1594186a902e7f995a90403,automotivo,11,880,1,1605,50,33,18
77cefb87df1349618a48c0ff4492e524,eletronicos,35,304,3,2670,46,10,17
94d290b9790844e9a4ae6fbc8649d8c6,telefonia,25,628,2,4966,53,31,30
69af0f30a2e34d4bb5112b5e0b8bccf6,esporte_lazer,40,994,2,2235,21,25,28
d1aaa3a6ed76465287d1392e8143c6b6,cama_mesa_banho,15,524,3,1590,35,29,46
4ac0dcff9f594a3abb0fb9f773caf05d,cama_mesa_banho,11,123,5,1973,15,34,22
0d9bb71385284653baabf15ee498f90c,fashion_roupa_feminina,54,972,2,507,35,32,48
3b78510d741f4a928999a85f66d1dfa1,fashion_roupa_feminina,19,191,3,1493,46,12,10
bbb2e982e5344781a8bd798af2f3983e,automotivo,43,545,4,4148,17,19,23
9f322e5a69ee4011bd1853bc3bc20e0a,cama_mesa_banho,60,372,3,4148,34,13,37
36b2eb73638349de81bfc44a603b8a40,pet_shop,23,714,2,2418,56,17,36
6d962adc27a24233bb8a198c9ae4af25,telefonia,36,911,2,335,28,21,25
aedd1b26de8447ed8af387d24c7c691f,beleza_saude,38,354,3,4875,53,34,15
6df08f7a2e10411295a41ace322dd867,eletronicos,40,236,3,3356,53,18,34
846482f6466542fcbf5ec5de211cb67a,automotivo,37,853,5,2199,14,11,45
fb833ba667e8467e83e1d5a736fc87aa,eletronicos,13,440,2,3957,32,7,10
ad29319f74f1498d8e5574964a4472b5,fashion_roupa_feminina,42,734,4,2578,35,28,18
a9de93fc3ffe4ae1bf74bffefced4181,brinquedos,12,694,2,2232,20,37,41
e1b2e15d8c1c4c7f8cf4339b336a67e1,fashion_roupa_masculina,39,235,1,2699,55,38,37
aa6548cad1114b7b99a58c1c508e4779,telefonia,26,219,3,461,18,36,27
964c5719222b4cfa848d9afec5d44c52,automotivo,33,540,3,2256,49,21,43
85b04921726346e8983de71df64f3e26,fashion_roupa_masculina,37,268,3,4124,58,14,45
3004444256124a0798fef4e0f3ae9da2,pet_shop,52,751,4,535,22,14,13
9d47f5083f364dc2a0ea72c0a450731f,cama_mesa_banho,21,136,4,2231,20,34,37
3c0fe697151744a4a4c60edba07ecb6f,informatica_acessorios,41,141,4,3020,55,40,41
a3cdc7082c5b4d059825c558c447b15f,esporte_lazer,41,215,2,1112,32,10,23
890e9a04a1ea48d69973dd49d5aab9ea,pet_shop,28,284,2,4267,27,18,47
0d68e591ec0644fc915ce1bd266f1fb7,eletronicos,43,885,5,1579,36,9,25
512ce49517104bfd913db52b286fbc9b,livros_tecnicos,41,793,1,2792,11,23,17
a30a5e3d36644a2faea8796a4e815d5a,joias_relogios,33,704,1,2750,19,6,15
43ccbf3a969942349231d172b4e56314,esporte_lazer,55,775,4,3819,50,22,48
e152b32c467c4090bbcbbe4fd22719c3,moveis_decoracao,10,437,1,3811,30,13,23
97db724c915241429b1cfda04bcb1f2d,pet_shop,13,920,3,2747,13,9,45
cf2c5b63f20440a6906517a623128116,beleza_saude,34,194,4,2190,21,20,35
f827f3a30d8a4ca483c44ea0289a65d5,informatica_acessorios,11,972,2,1434,34,30,28
dac72a6cd94c45a1a2982a1e97e913fe,moveis_decoracao,58,769,2,1087,29,36,37
d983ba645d8a4c7fb35b26af35374009,automotivo,29,801,5,1175,32,11,33
10e0160a2770483a84a8ed6b5485f8b2,brinquedos,22,601,4,3279,40,22,46
4c71ca9989384776985f216d17f54adb,beleza_saude,37,192,4,3116,49,16,37
83ef25ed1d224d7f9c3c22b4a5dd8f65,moveis_decoracao,37,195,1,4305,31,34,24
8ed9acb80f7f4d33982b15c76761083f,moveis_decoracao,53,830,2,4157,43,38,15
9b0da25d93de47e9894c77907cbc370f,fashion_roupa_feminina,39,547,1,4012,29,14,18
d806c5c6d74a40828b856ef3e62bc960,moveis_decoracao,29,961,2,4385,37,23,46
fe7df847562949db9c4537990601fefc,eletronicos,45,178,1,4305,16,37,37
e0cf199cdde84cdc8a5287f95fa99ce4,joias_relogios,16,575,5,2175,32,21,47
e5a5cf2ed2504e08a4384fcf23c9e5a0,informatica_acessorios,59,615,1,1033,57,34,21
97dea273ff884e4db5e053b7c0975e62,livros_tecnicos,21,963,4,470,15,31,29
f06a93d1f1074e02b76762a20b51930d,fashion_roupa_masculina,47,841,4,3785,49,21,31
2eabb71003c647d28b61ebf513796923,pet_shop,21,316,2,740,57,21,16
b676857a8dcb44398ad7e8062ba5980a,joias_relogios,44,118,1,3335,17,5,20
f827f8bf14534d809fe17eacf1a1cf1f,moveis_decoracao,40,571,4,4087,29,28,35
b1a0158b479b4dba826e1a2e77d54005,livros_tecnicos,29,189,2,1206,10,17,17
b22024318d8d4cb983379d1c0d0370ed,pet_shop,11,812,2,319,23,35,19
e636fefc07fa4a07867f7a83663399f4,moveis_decoracao,25,546,5,1663,15,24,39
e3adda3b7f2f4d95ab8330024f86ae45,telefonia,40,532,1,1054,20,14,38
e07bb060e68d49089c0a2d663280119c,esporte_lazer,40,120,4,4894,25,17,28
691f9f762ee943e7b9c9747c88e9c549,beleza_saude,35,152,3,164,16,32,36
f53f22101f114f4bbdc81b6207baddc1,pet_shop,41,854,5,4981,56,40,28
52a4750720aa4a46a3e7d4decd900251,eletronicos,41,509,4,4305,47,36,24
73fb665dfd994eb79ccbab407a79ab40,automotivo,13,640,1,3557,46,25,45
b1382a6063444aa39d380c7b3954dddd,informatica_acessorios,27,763,4,3977,17,36,49
3ac6760eb4ff4f9493e38493148b60fd,moveis_decoracao,32,559,4,270,20,23,22
1c68e1366e9d487ab94cfc248c470544,esporte_lazer,32,548,2,4258,24,26,48
7d9dc8c7d6424ff29c4d7d3de6401aaa,pet_shop,55,772,4,1174,28,29,36
54597c20b91142ef80a9d07471fe1fd2,pet_shop,53,768,3,3969,20,18,28
5a99f26c854545f0adf80ee1a4eafa9e,automotivo,57,188,4,1157,21,17,20
58b90e5e0e7e4c98a13bd0a3e5a455ad,beleza_saude,41,203,4,4144,29,20,23
213223f4bf9e4a14a4c0616906746deb,brinquedos,13,118,3,2236,32,15,21
42d8a42c26eb49e6b0a71c939bf3a62e,pet_shop,42,132,1,2866,37,12,49
c978b13cea254689aedf524c29a62697,cama_mesa_banho,17,675,2,4084,26,26,32
56d7dee9039c442f9d33ba0d6a910caa,livros_tecnicos,12,888,5,2291,19,37,48
f72241d084e14dee95f64f7912eb517d,moveis_decoracao,16,823,1,3686,39,12,16
1883e38a29ef4a359defe3ea114a8c15,livros_tecnicos,49,724,1,4707,12,37,16
290f5b06759f4323b7cd02cc380c7b3c,telefonia,50,220,2,3062,20,23,38
587b8a49d97048538bec5092551d765c,livros_tecnicos,42,610,1,1363,51,28,31
14166c8393e849bd99cc04ae14336dc8,pet_shop,18,225,2,3697,36,5,25
20ebd1fe18b8461297d826eb4011a2d3,pet_shop,40,449,3,4237,20,10,27
9fe97421bd294f2f896e53bdac0350b0,fashion_roupa_masculina,55,872,4,3054,50,20,19
315bb841acdc4f8eb086c22ebc40cbc0,livros_tecnicos,58,642,4,1969,18,32,36
3e4ccb2d4e2141e0a9e7cb63f941b592,joias_relogios,39,972,5,3063,11,33,19
8bcb730f3f7147eaaa1244de8024b089,livros_tecnicos,10,834,5,670,15,26,30
6b0fdc998dd646b2a96163be81fe9bfe,joias_relogios,59,268,4,603,35,7,19
5f8ff11266e34f9caff0bb5ecc0c9024,beleza_saude,13,746,5,2522,36,30,45
ad29b56d852641569bc8fe747c5d7111,pet_shop,29,838,3,2919,10,22,43
1f2b668d2ee94793b7a7aaa45cccbd22,beleza_saude,19,817,4,3755,51,18,44
b2080f2474984113821695bc32aa9350,beleza_saude,60,733,4,2928,60,30,22
48f1dc62883c4b25ad51740ccaf27f24,fashion_roupa_feminina,15,137,5,2840,34,13,43
ed1b08da89434fbf901e884ef13bb6d9,brinquedos,28,318,1,4291,45,24,43
a1cb33617be4443faa9de068692bd5e7,fashion_roupa_masculina,58,750,2,291,11,39,47
1a5a918527574a2aae1eef8806d4408e,fashion_roupa_feminina,25,952,3,3563,42,12,13
1f946483daf64056a1bc649fea676b65,pet_shop,33,365,5,3003,17,8,17
fbf677ddeabd486ca044c3e1fef669b4,esporte_lazer,29,686,1,3812,31,20,47
f5be3c96a2b944e3a3cd73183658cbc1,beleza_saude,55,742,5,4978,24,27,29
7601e214ff32470dbd1769ae931cc1ab,fashion_roupa_feminina,52,903,5,1246,55,29,43
db9a7f3b0c2b4fd3b626055fd1d718ca,automotivo,25,207,3,4330,47,17,33
f9b2781d709949849204317190c80c70,esporte_lazer,16,250,4,3475,15,10,13
80f711c6207644469075a7ff2b53b7e6,joias_relogios,18,587,2,3754,14,28,43
620ad76c3f914f3d9ff70e8cc9df7405,joias_relogios,47,672,5,3334,26,36,50
70a1195a015e4eae8a589c2c55c9e22b,joias_relogios,38,805,4,3515,20,14,42
177885d1c2184beea8a6cf055bdfabd3,telefonia,41,828,4,1159,55,37,43
37f95a10a98541a2b015bdac0bf2d988,informatica_acessorios,54,317,4,3977,12,15,45
1d2ae1dcd8ca4f52b6ec59eba0f42e05,fashion_roupa_masculina,17,716,4,1003,17,28,46
d1df6fd88e5149af87d17b33cb728f16,fashion_roupa_feminina,12,635,2,1064,33,24,33
3794e40fcc3543e880e816a7ac2801c4,fashion_roupa_feminina,28,597,1,1270,19,31,13
27d1de0819f0447e9bdbb63ba0f96c62,fashion_roupa_feminina,28,320,2,4104,10,12,45
0e28db8d4390402c86f09c58ae2f3d53,fashion_roupa_masculina,14,991,1,3520,40,24,46
43da9f90bbbe4f1593dacca7aef8f069,esporte_lazer,31,900,4,3993,56,13,18
460353abf87d4a1e838155e3f27d3fdd,brinquedos,50,571,4,3778,19,25,15
1f6348063f774b2a9d64e99556178d58,livros_tecnicos,49,780,5,3455,34,19,35
6d29cdbce4534ac3a8327b8776f6eff7,fashion_roupa_masculina,44,146,4,2372,51,10,20
7f235c458507454fb61c5c110a8ed486,automotivo,11,685,3,4696,51,12,45
4c3d820727f6468882e31a17711ab8f7,informatica_acessorios,22,733,5,4825,58,8,46
a9a92cbebe4d4af2913c5b70d585c157,brinquedos,22,868,4,4217,11,12,44
358187d400fe4ac5ad1c708e06ad4c45,telefonia,11,381,2,2109,55,33,15
e157e073628740718e76a5820b9dee10,livros_tecnicos,44,721,3,3391,47,7,41
faad11c409274a99a9d89fdf8fcb9abf,pet_shop,11,448,4,1578,36,6,43
3d2db7d620304830abe1ebec2308df63,fashion_roupa_masculina,34,363,1,1039,16,39,20
95d021210fa3456ba36de44e6120ff14,fashion_roupa_feminina,19,287,3,834,19,24,36
fdab13853fd047b3b56f9317736cc9bf,moveis_decoracao,20,160,5,2764,21,6,13
e5d8c5ff8de04029b05e2695241ce517,fashion_roupa_feminina,34,201,3,1267,36,25,26
08ca525b0b5247e8ac5b393b5499d3f6,joias_relogios,17,153,2,2062,58,20,41
360b7ddd765346189a533685b02c2e73,brinquedos,58,616,4,1042,27,8,30
3269efffb0b04d46b5ee24f37fa189a8,esporte_lazer,45,516,1,4066,11,31,50
b40eb26f5a4b4d38beca424e0052bb47,cama_mesa_banho,11,375,5,4901,53,11,25
